# How the 48SX types each character into its command line: code, method, keys.
# Generated by crates/saturnus-web/tests/typing.rs from the ROM; do not edit.
# alpha: the keys in alpha mode; pair:O,C: they insert O and C around the cursor;
# entry: the keys in program entry mode, alpha off (the first non-space they insert);
# accent:B: character B, then the keys; chars: the CHARS application; none: no way.
1	none
2	none
3	none
4	none
5	none
6	none
7	none
8	none
9	none
10	alpha	rightshift point
11	none
12	none
13	none
14	none
15	none
16	none
17	none
18	none
19	none
20	none
21	none
22	none
23	none
24	none
25	none
26	none
27	none
28	none
29	none
30	none
31	none
32	alpha	space
33	alpha	leftshift del
34	alpha	rightshift minus
35	alpha	rightshift divide
36	alpha	leftshift 4
37	alpha	rightshift tan
38	alpha	leftshift enter
39	alpha	rightshift quote
40	pair:40,41	leftshift divide
41	pair:40,41	leftshift divide
42	alpha	multiply
43	alpha	plus
44	alpha	leftshift point
45	alpha	minus
46	alpha	point
47	alpha	divide
48	alpha	0
49	alpha	1
50	alpha	2
51	alpha	3
52	alpha	4
53	alpha	5
54	alpha	6
55	alpha	7
56	alpha	8
57	alpha	9
58	alpha	rightshift plus
59	none
60	alpha	leftshift 2
61	alpha	leftshift 0
62	alpha	rightshift 2
63	alpha	leftshift backspace
64	alpha	rightshift enter
65	alpha	a
66	alpha	b
67	alpha	c
68	alpha	d
69	alpha	e
70	alpha	f
71	alpha	mth
72	alpha	prg
73	alpha	cst
74	alpha	var
75	alpha	up
76	alpha	nxt
77	alpha	quote
78	alpha	sto
79	alpha	eval
80	alpha	left
81	alpha	down
82	alpha	right
83	alpha	sin
84	alpha	cos
85	alpha	tan
86	alpha	sqrt
87	alpha	power
88	alpha	inv
89	alpha	neg
90	alpha	eex
91	pair:91,93	leftshift multiply
92	none
93	pair:91,93	leftshift multiply
94	entry	power
95	alpha	rightshift multiply
96	none
97	alpha	leftshift a
98	alpha	leftshift b
99	alpha	leftshift c
100	alpha	leftshift d
101	alpha	leftshift e
102	alpha	leftshift f
103	alpha	leftshift mth
104	alpha	leftshift prg
105	alpha	leftshift cst
106	alpha	leftshift var
107	alpha	leftshift up
108	alpha	leftshift nxt
109	alpha	leftshift quote
110	alpha	leftshift sto
111	alpha	leftshift eval
112	alpha	leftshift left
113	alpha	leftshift down
114	alpha	leftshift right
115	alpha	leftshift sin
116	alpha	leftshift cos
117	alpha	leftshift tan
118	alpha	leftshift sqrt
119	alpha	leftshift power
120	alpha	leftshift inv
121	alpha	leftshift neg
122	alpha	leftshift eex
123	pair:123,125	leftshift plus
124	alpha	rightshift var
125	pair:123,125	leftshift plus
126	alpha	rightshift sqrt
127	none
128	alpha	rightshift space
129	alpha	rightshift inv
130	none
131	entry	sqrt
132	entry	rightshift cos
133	entry	rightshift tan
134	none
135	alpha	leftshift space
136	entry	rightshift sin
137	alpha	leftshift 3
138	alpha	rightshift 3
139	alpha	rightshift 1
140	alpha	rightshift a
141	alpha	rightshift 0
142	alpha	rightshift left
143	alpha	rightshift down
144	alpha	rightshift up
145	alpha	rightshift mth
146	alpha	rightshift d
147	alpha	rightshift e
148	alpha	rightshift prg
149	alpha	rightshift f
150	alpha	rightshift nxt
151	alpha	rightshift right
152	alpha	rightshift sin
153	alpha	rightshift cos
154	alpha	rightshift power
155	alpha	rightshift c
156	alpha	rightshift eex
157	alpha	rightshift eval
158	none
159	alpha	rightshift cst
160	none
161	alpha	rightshift del
162	alpha	rightshift 4
163	alpha	leftshift 5
164	alpha	leftshift 6
165	alpha	rightshift 5
166	none
167	none
168	none
169	none
170	none
171	pair:171,187	leftshift minus
172	none
173	none
174	none
175	none
176	alpha	rightshift 6
177	alpha	rightshift neg
178	none
179	none
180	none
181	alpha	rightshift sto
182	none
183	none
184	none
185	none
186	none
187	pair:171,187	leftshift minus
188	none
189	none
190	none
191	alpha	rightshift backspace
192	accent:65	leftshift 7
193	accent:65	rightshift 7
194	accent:65	leftshift 8
195	accent:65	rightshift 8
196	accent:65	leftshift 9
197	accent:65	rightshift 9
198	accent:69	rightshift 9
199	accent:67	leftshift 7
200	accent:69	leftshift 7
201	accent:69	rightshift 7
202	accent:69	leftshift 8
203	accent:69	leftshift 9
204	accent:73	leftshift 7
205	accent:73	rightshift 7
206	accent:73	leftshift 8
207	accent:73	leftshift 9
208	accent:68	leftshift 7
209	accent:78	rightshift 8
210	accent:79	leftshift 7
211	accent:79	rightshift 7
212	accent:79	leftshift 8
213	accent:79	rightshift 8
214	accent:79	leftshift 9
215	none
216	accent:79	rightshift 9
217	accent:85	leftshift 7
218	accent:85	rightshift 7
219	accent:85	leftshift 8
220	accent:85	leftshift 9
221	accent:89	rightshift 7
222	accent:80	leftshift 7
223	alpha	rightshift b
224	accent:97	leftshift 7
225	accent:97	rightshift 7
226	accent:97	leftshift 8
227	accent:97	rightshift 8
228	accent:97	leftshift 9
229	accent:97	rightshift 9
230	accent:101	rightshift 9
231	accent:99	leftshift 7
232	accent:101	leftshift 7
233	accent:101	rightshift 7
234	accent:101	leftshift 8
235	accent:101	leftshift 9
236	accent:105	leftshift 7
237	accent:105	rightshift 7
238	accent:105	leftshift 8
239	accent:105	leftshift 9
240	accent:100	leftshift 7
241	accent:110	rightshift 8
242	accent:111	leftshift 7
243	accent:111	rightshift 7
244	accent:111	leftshift 8
245	accent:111	rightshift 8
246	accent:111	leftshift 9
247	none
248	accent:111	rightshift 9
249	accent:117	leftshift 7
250	accent:117	rightshift 7
251	accent:117	leftshift 8
252	accent:117	leftshift 9
253	accent:121	rightshift 7
254	accent:112	leftshift 7
255	accent:121	leftshift 9
0	none
